scientific_name,iucn_class,iucn_category,raw,consensus_score,gen,log_gen,taxon,iucn_rli,is_extinct
Panthera tigris,MAMMALIA,EN,7-10,54.0,8.5,0.9294189257142927,포유류,3,False
Ursus maritimus,MAMMALIA,VU,12,14.5,12.0,1.0791812460476249,포유류,2,False
Rhinoceros sondaicus,MAMMALIA,CR,12,78.0,12.0,1.0791812460476249,포유류,4,False
Gorilla beringei graueri,MAMMALIA,CR,20,48.7,20.0,1.3010299956639813,포유류,4,False
Phocoena sinus,MAMMALIA,CR,10,100.0,10.0,1.0,포유류,4,False
Grus japonensis,AVES,VU,15.9,54.8,15.9,1.2013971243204515,조류,2,False
Raphus cucullatus,AVES,EX,3.83,100.0,3.83,0.5831987739686227,조류,5,True
Ectopistes migratorius,AVES,EX,5.3,100.0,5.3,0.724275869600789,조류,5,True
Antilophia bokermanni,AVES,CR,4.4,67.7,4.4,0.6434526764861874,조류,4,False
Pseudobulweria aterrima,AVES,CR,17.7,78.5,17.7,1.2479732663618066,조류,4,False
Dobsonia chapmani,MAMMALIA,CR,6,90.0,6.0,0.7781512503836436,포유류,4,False
Acinonyx jubatus venaticus,MAMMALIA,VU,4.9,45.0,4.9,0.6901960800285137,포유류,2,False
Gymnobelideus leadbeateri,MAMMALIA,CR,6,50.6,6.0,0.7781512503836436,포유류,4,False
Eutrichomyias rowleyi,AVES,CR,4.2,84.3,4.2,0.6232492903979004,조류,4,False
Acipenser sturio,ACTINOPTERYGII,CR,"52-80,66",90.0,4059.0,3.6084190513172856,어류,4,False
Crocodylus intermedius,REPTILIA,CR,25,76.9,25.0,1.3979400086720377,파충류,4,False
Mammillaria marcosii,MAGNOLIOPSIDA,CR,5-10,79.0,7.5,0.8750612633917001,무척추/식물/기타,4,False
Cuora yunnanensis,REPTILIA,CR,20,90.3,20.0,1.3010299956639813,파충류,4,False
Nomascus concolor,MAMMALIA,CR,15,50.8,15.0,1.1760912590556813,포유류,4,False
Lepidochelys kempii,REPTILIA,CR,18,15.1,18.0,1.255272505103306,파충류,4,False
Crocodylus mindorensis,REPTILIA,CR,25,81.1,25.0,1.3979400086720377,파충류,4,False
Aphrastura masafuerae,AVES,CR,2.27,70.0,2.27,0.35602585719312274,조류,4,False
Sarothrura ayresi,AVES,CR,3.1,79.0,3.1,0.4913616938342727,조류,4,False
Anthochaera phrygia,AVES,CR,5.8,67.6,5.8,0.7634279935629372,조류,4,False
Mecistops cataphractus,REPTILIA,CR,25,40.5,25.0,1.3979400086720377,파충류,4,False
Otus insularis,AVES,CR,2.83,74.5,2.83,0.45178643552429026,조류,4,False
Vanellus gregarius,AVES,CR,4.5,93.2,4.5,0.6532125137753437,조류,4,False
Rhizanthella gardneri,LILIOPSIDA,CR,9,93.6,9.0,0.9542425094393249,무척추/식물/기타,4,False
Cyornis banyumas,AVES,CR,2.62,67.3,2.62,0.41830129131974547,조류,4,False
Microcycas calocoma,CYCADOPSIDA,CR,20-25,79.4,22.5,1.3521825181113625,무척추/식물/기타,4,False
Didunculus strigirostris,AVES,CR,5.95,82.1,5.95,0.7745169657285496,조류,4,False
Abies beshanzuensis,PINOPSIDA,CR,50,94.6,50.0,1.6989700043360187,무척추/식물/기타,4,False
Haptanthus hazlettii,MAGNOLIOPSIDA,CR,10,77.3,10.0,1.0,무척추/식물/기타,4,False
Mexipedium xerophyticum,LILIOPSIDA,CR,7-8,90.0,7.5,0.8750612633917001,무척추/식물/기타,4,False
Diceros bicornis,MAMMALIA,CR,14.96,10.4,14.96,1.1749315935284426,포유류,4,False
Calyptura cristata,AVES,CR,2.19,90.0,2.19,0.34044411484011833,조류,4,False
Nepenthes aristolochioides,MAGNOLIOPSIDA,CR,3-5,84.4,4.0,0.6020599913279624,무척추/식물/기타,4,False
Potorous gilbertii,MAMMALIA,CR,3-4,90.0,3.5,0.5440680443502757,포유류,4,False
Necrosyrtes monachus,AVES,CR,13,40.3,13.0,1.1139433523068367,조류,4,False
Bostrychia bocagei,AVES,CR,7.1,51.0,7.1,0.8512583487190752,조류,4,False
Pseudoryx nghetinhensis,MAMMALIA,CR,5-10,77.6,7.5,0.8750612633917001,포유류,4,False
Crocodylus siamensis,REPTILIA,CR,25,51.1,25.0,1.3979400086720377,파충류,4,False
Eubalaena glacialis,MAMMALIA,CR,35.7,90.0,35.7,1.5526682161121932,포유류,4,False
Alligator sinensis,REPTILIA,CR,25,78.0,25.0,1.3979400086720377,파충류,4,False
Crocodylus rhombifer,REPTILIA,CR,25,50.4,25.0,1.3979400086720377,파충류,4,False
Turbinicarpus gielsdorfianus,MAGNOLIOPSIDA,CR,5,44.7,5.0,0.6989700043360189,무척추/식물/기타,4,False
Heteromirafra archeri,AVES,CR,3.24,78.9,3.24,0.5105450102066121,조류,4,False
Dendrolagus scottae,MAMMALIA,CR,3650,70.0,3650.0,3.5622928644564746,포유류,4,False
Addax nasomaculatus,MAMMALIA,CR,7.6,84.2,7.6,0.8808135922807914,포유류,4,False
Panthera tigris amoyensis,MAMMALIA,EN,7-10,49.8,8.5,0.9294189257142927,포유류,3,False
Bos javanicus,MAMMALIA,CR,7,50.2,7.0,0.8450980400142568,포유류,4,False
Terenura sicki,AVES,CR,2.34,78.6,2.34,0.3692158574101428,조류,4,False
Abies yuanbaoshanensis,PINOPSIDA,CR,25-30,67.1,27.5,1.4393326938302626,무척추/식물/기타,4,False
Pithecophaga jefferyi,AVES,CR,18.99,66.8,18.99,1.2785249647370176,조류,4,False
Spheniscus demersus,AVES,CR,10,40.6,10.0,1.0,조류,4,False
Dendrolagus pulcherrimus,MAMMALIA,CR,10,30.5,10.0,1.0,포유류,4,False
Panthera tigris sumatrae,MAMMALIA,EN,7-10,50.4,8.5,0.9294189257142927,포유류,3,False
Pipile pipile,AVES,CR,8.5,70.0,8.5,0.9294189257142927,조류,4,False
Aegotheles savesi,AVES,CR,3.48,90.0,3.48,0.541579243946581,조류,4,False
Lepilemur septentrionalis,MAMMALIA,CR,7,90.0,7.0,0.8450980400142568,포유류,4,False
Gymnogyps californianus,AVES,CR,18.57,78.0,18.57,1.2688119037397805,조류,4,False
Gyps indicus,AVES,CR,12.03,40.2,12.03,1.0802656273398448,조류,4,False
Batagur trivittata,REPTILIA,CR,25,93.4,25.0,1.3979400086720377,파충류,4,False
Batagur kachuga,REPTILIA,CR,25,67.2,25.0,1.3979400086720377,파충류,4,False
Hadramphus tuberculatus,INSECTA,CR,1,70.0,1.0,0.0,무척추/식물/기타,4,False
Gorilla beringei,MAMMALIA,CR,20,50.4,20.0,1.3010299956639813,포유류,4,False
Dipodomys gravipes,MAMMALIA,CR,2.26,90.0,2.26,0.35410843914740087,포유류,4,False
Cyclura pinguis,REPTILIA,CR,22,60.0,22.0,1.3424226808222062,파충류,4,False
Gopherus flavomarginatus,REPTILIA,CR,40-60,50.6,50.0,1.6989700043360187,파충류,4,False
Anas laysanensis,AVES,CR,6.5,20.0,6.5,0.8129133566428556,조류,4,False
Xenicus gilviventris,AVES,EN,2.66,44.9,2.66,0.424881636631067,조류,3,False
Amentotaxus formosana,PINOPSIDA,EN,25,67.5,25.0,1.3979400086720377,무척추/식물/기타,3,False
Micranthocereus polyanthus,MAGNOLIOPSIDA,EN,10,50.7,10.0,1.0,무척추/식물/기타,3,False
Anthemis glaberrima,MAGNOLIOPSIDA,EN,1,40.2,1.0,0.0,무척추/식물/기타,3,False
Obregonia denegrii,MAGNOLIOPSIDA,EN,10,44.9,10.0,1.0,무척추/식물/기타,3,False
Abies ziyuanensis,PINOPSIDA,EN,30-35,51.6,32.5,1.5118833609788744,무척추/식물/기타,3,False
Oreophasis derbianus,AVES,EN,9.55,51.1,9.55,0.9800033715837464,조류,3,False
Accipiter gundlachi,AVES,EN,6.02,51.5,6.02,0.7795964912578245,조류,3,False
Puya raimondii,LILIOPSIDA,EN,80,40.2,80.0,1.9030899869919435,무척추/식물/기타,3,False
Echinocactus grusonii,MAGNOLIOPSIDA,EN,10,40.4,10.0,1.0,무척추/식물/기타,3,False
Dioon purpusii,CYCADOPSIDA,EN,500,50.5,500.0,2.6989700043360187,무척추/식물/기타,3,False
Garrulax rufifrons,AVES,EN,3.9,50.3,3.9,0.5910646070264992,조류,3,False
Cuon alpinus,MAMMALIA,EN,5,50.6,5.0,0.6989700043360189,포유류,3,False
Cycas circinalis,CYCADOPSIDA,EN,40,44.9,40.0,1.6020599913279623,무척추/식물/기타,3,False
Rhyticeros everetti,AVES,EN,8.4,50.6,8.4,0.9242792860618817,조류,3,False
Procellaria westlandica,AVES,EN,30.2,15.2,30.2,1.4800069429571505,조류,3,False
Aratinga solstitialis,AVES,EN,6.55,51.0,6.55,0.8162412999917831,조류,3,False
Elaeocarpus recurvatus,MAGNOLIOPSIDA,EN,25,45.2,25.0,1.3979400086720377,무척추/식물/기타,3,False
Pavo muticus,AVES,EN,6.1,40.6,6.1,0.785329835010767,조류,3,False
Diomedea amsterdamensis,AVES,EN,27.2,78.0,27.2,1.4345689040341987,조류,3,False
Taphrolesbia griseiventris,AVES,EN,2.4,67.0,2.4,0.38021124171160603,조류,3,False
Oxyura maccoa,AVES,EN,5.5,44.8,5.5,0.7403626894942439,조류,3,False
Oxyura leucocephala,AVES,VU,5.5,50.8,5.5,0.7403626894942439,조류,2,False
Pterodroma cahow,AVES,EN,15.6,70.0,15.6,1.1931245983544616,조류,3,False
Penelopides mindorensis,AVES,EN,7.75,66.9,7.75,0.8893017025063102,조류,3,False
Copsychus sechellarum,AVES,EN,4.5,70.0,4.5,0.6532125137753437,조류,3,False
Taoniscus nanus,AVES,EN,6.8,44.8,6.8,0.8325089127062363,조류,3,False
Ctenosaura oedirhina,REPTILIA,EN,9,44.7,9.0,0.9542425094393249,파충류,3,False
Ctenosaura melanosterna,REPTILIA,EN,8,44.8,8.0,0.9030899869919435,파충류,3,False
Ctenosaura palearis,REPTILIA,EN,6,50.4,6.0,0.7781512503836436,파충류,3,False
Amazona vinacea,AVES,EN,12.30,50.2,12.3,1.089905111439398,조류,3,False
Anas bernieri,AVES,EN,3.8,51.0,3.8,0.5797835966168101,조류,3,False
Juniperus gracilior,PINOPSIDA,EN,30,51.3,30.0,1.4771212547196624,무척추/식물/기타,3,False
Phalacrocorax featherstoni,AVES,EN,8.7,50.8,8.7,0.9395192526186185,조류,3,False
Conolophus pallidus,REPTILIA,VU,17.5,18.4,17.5,1.2430380486862944,파충류,2,False
Procellaria aequinoctialis,AVES,VU,24.7,39.7,24.7,1.3926969532596658,조류,2,False
Procellaria conspicillata,AVES,VU,25.9,3.6,25.9,1.413299764081252,조류,2,False
Tyto aurantia,AVES,VU,5,44.9,5.0,0.6989700043360189,조류,2,False
Telespiza cantans,AVES,VU,4.9,13.5,4.9,0.6901960800285137,조류,2,False
Procellaria parkinsoni,AVES,VU,34,13.5,34.0,1.5314789170422551,조류,2,False
Geothlypis beldingi,AVES,VU,2.5,50.7,2.5,0.3979400086720376,조류,2,False
Accipiter butleri,AVES,VU,5.46,51.0,5.46,0.7371926427047373,조류,2,False
Accipiter luteoschistaceus,AVES,VU,5,50.7,5.0,0.6989700043360189,조류,2,False
Accipiter henstii,AVES,VU,7.9,51.5,7.9,0.8976270912904415,조류,2,False
Accipiter brachyurus,AVES,VU,4.48,45.0,4.48,0.651278013998144,조류,2,False
Pterospermum reticulatum,MAGNOLIOPSIDA,LC,25,10.5,25.0,1.3979400086720377,무척추/식물/기타,0,False
Accipiter princeps,AVES,VU,5.25,44.7,5.25,0.7201593034059569,조류,2,False
Psittrichas fulgidus,AVES,VU,9,39.9,9.0,0.9542425094393249,조류,2,False
Sternula nereis,AVES,VU,11,44.8,11.0,1.0413926851582251,조류,2,False
Cycas armstrongii,CYCADOPSIDA,VU,40,39.8,40.0,1.6020599913279623,무척추/식물/기타,2,False
Coua delalandei,AVES,EX,5.13,100.0,5.13,0.7101173651118162,조류,5,True
Turdus ravidus,AVES,EX,3.38,100.0,3.38,0.5289167002776547,조류,5,True
Lophopsittacus mauritianus,AVES,EX,4.63,100.0,4.63,0.6655809910179531,조류,5,True
Porphyrio caerulescens,AVES,EX,3.41,100.0,3.41,0.5327543789924978,조류,5,True
Myadestes woahensis,AVES,EX,3.1,100.0,3.1,0.4913616938342727,조류,5,True
Chlorostilbon elegans,,EX,2.2,100.0,2.2,0.3424226808222063,무척추/식물/기타,5,True
Chlorostilbon bracei,,EX,2.2,100.0,2.2,0.3424226808222063,무척추/식물/기타,5,True
Necropsar rodericanus,AVES,EX,3.33,100.0,3.33,0.5224442335063199,조류,5,True
Cyanoramphus ulietanus,AVES,EX,3.62,100.0,3.62,0.5587085705331657,조류,5,True
Necropsittacus rodricanus,AVES,EX,4.63,100.0,4.63,0.6655809910179531,조류,5,True
Xenicus longipes,AVES,EX,2.66,100.0,2.66,0.424881636631067,조류,5,True
Dromaius baudinianus,AVES,EX,8.65,100.0,8.65,0.9370161074648142,조류,5,True
Anas marecula,AVES,EX,5.02,100.0,5.02,0.7007037171450193,조류,5,True
Melamprosops phaeosoma,AVES,EX,5,100.0,5.0,0.6989700043360189,조류,5,True
Podiceps andinus,AVES,EX,5.22,100.0,5.22,0.7176705030022621,조류,5,True
Mascarenotus murivorus,AVES,EX,3.98,100.0,3.98,0.5998830720736879,조류,5,True
Alectroenas nitidissimus,AVES,EX,6.6,100.0,6.6,0.8195439355418687,조류,5,True
Porphyrio mantelli,AVES,EX,3.41,100.0,3.41,0.5327543789924978,조류,5,True
Nestor productus,AVES,EX,10.61,100.0,10.61,1.0257153839013406,조류,5,True
Alloperla roberti,INSECTA,EX,1,100.0,1.0,0.0,무척추/식물/기타,5,True
Podilymbus gigas,AVES,EX,4.23,100.0,4.23,0.6263403673750424,조류,5,True
Furcraea macdougallii,LILIOPSIDA,EW,40-90,100.0,65.0,1.8129133566428555,무척추/식물/기타,5,True
Allotoca goslinei,ACTINOPTERYGII,EW,2,100.0,2.0,0.3010299956639812,어류,5,True
Skiffia francesae,ACTINOPTERYGII,EW,1,100.0,1.0,0.0,어류,5,True
Cryptoblepharus egeriae,REPTILIA,EW,3-4,100.0,3.5,0.5440680443502757,파충류,5,True
Corvus hawaiiensis,AVES,EW,5.97,100.0,5.97,0.7759743311293691,조류,5,True
Zenaida graysoni,AVES,EW,4.77,100.0,4.77,0.6785183790401139,조류,5,True
Cyanopsitta spixii,AVES,EW,9.6,100.0,9.6,0.9822712330395684,조류,5,True
Encephalartos brevifoliolatus,CYCADOPSIDA,EW,70,100.0,70.0,1.845098040014257,무척추/식물/기타,5,True
Encephalartos heenanii,CYCADOPSIDA,EW,70,100.0,70.0,1.845098040014257,무척추/식물/기타,5,True
Mitu mitu,AVES,EW,12.5,100.0,12.5,1.0969100130080565,조류,5,True
Todiramphus cinnamominus,AVES,EW,3.51,100.0,3.51,0.5453071164658241,조류,5,True
Ursus thibetanus ussuricus,MAMMALIA,VU,10,73.1,10.0,1.0,포유류,2,False
Lutra lutra,MAMMALIA,NT,3-4,0.0,3.5,0.5440680443502757,포유류,1,False
Nipponia nippon,AVES,EN,10.1,0.4,10.1,1.0043213737826426,조류,3,False
Ciconia boyciana,AVES,EN,16.1,54.6,16.1,1.2068258760318498,조류,3,False
Panthera tigris altaica,MAMMALIA,EN,7-10,66.5,8.5,0.9294189257142927,포유류,3,False
Canis lupus coreanus,MAMMALIA,LC,4.3-4.7,100.0,4.5,0.6532125137753437,포유류,0,False
Oreonax flavicauda,,CR,16,44.7,16.0,1.2041199826559248,무척추/식물/기타,4,False
Zyzomys palatalis,MAMMALIA,CR,2,22.6,2.0,0.3010299956639812,포유류,4,False
Lepilemur wrightae,MAMMALIA,EN,4.48,50.1,4.48,0.651278013998144,포유류,3,False
Bison bonasus,MAMMALIA,NT,12,17.3,12.0,1.0791812460476249,포유류,1,False
Capra aegagrus,MAMMALIA,NT,7,10.5,7.0,0.8450980400142568,포유류,1,False
Isoodon auratus,MAMMALIA,LC,1,10.5,1.0,0.0,포유류,0,False
Lagorchestes hirsutus,MAMMALIA,NT,3.5,6.6,3.5,0.5440680443502757,포유류,1,False
Leopardus guigna,MAMMALIA,LC,6,15.2,6.0,0.7781512503836436,포유류,0,False
Notomys fuscus,MAMMALIA,NT,1.5,10.5,1.5,0.17609125905568124,포유류,1,False
Syconycteris carolinae,MAMMALIA,NT,4.3,40.6,4.3,0.6334684555795865,포유류,1,False
Antilope cervicapra,MAMMALIA,LC,6.4,15.3,6.4,0.8061799739838872,포유류,0,False
Bettongia gaimardi,MAMMALIA,NT,3,15.0,3.0,0.47712125471966244,포유류,1,False
Bettongia lesueur,MAMMALIA,NT,3.3,10.5,3.3,0.5185139398778874,포유류,1,False
Bison bison,MAMMALIA,NT,9,10.6,9.0,0.9542425094393249,포유류,1,False
Capra cylindricornis,MAMMALIA,NT,7,10.5,7.0,0.8450980400142568,포유류,1,False
Chrysocyon brachyurus,MAMMALIA,NT,5,15.3,5.0,0.6989700043360189,포유류,1,False
Dasyurus geoffroii,MAMMALIA,NT,2,13.5,2.0,0.3010299956639812,포유류,1,False
Dasyurus maculatus,MAMMALIA,NT,2.5,40.2,2.5,0.3979400086720376,포유류,1,False
Dendrolagus lumholtzi,MAMMALIA,NT,8,15.3,8.0,0.9030899869919435,포유류,1,False
Eudorcas thomsonii,MAMMALIA,LC,4.2,40.1,4.2,0.6232492903979004,포유류,0,False
Genetta piscivora,MAMMALIA,NT,4,40.5,4.0,0.6020599913279624,포유류,1,False
Hyaena hyaena,MAMMALIA,NT,6,40.5,6.0,0.7781512503836436,포유류,1,False
Lasiorhinus latifrons,MAMMALIA,LC,9-12,3.6,10.5,1.021189299069938,포유류,0,False
Leporillus conditor,MAMMALIA,NT,2,22.2,2.0,0.3010299956639812,포유류,1,False
Mastacomys fuscus,MAMMALIA,NT,1-2,40.3,1.5,0.17609125905568124,포유류,1,False
Monodon monoceros,MAMMALIA,VU,30,44.7,30.0,1.4771212547196624,포유류,2,False
Notomys cervinus,MAMMALIA,NT,1.5,13.5,1.5,0.17609125905568124,포유류,1,False
Ornithorhynchus anatinus,MAMMALIA,NT,9-12,40.1,10.5,1.021189299069938,포유류,1,False
Otocolobus manul,MAMMALIA,LC,3.61,40.2,3.61,0.557507201905658,포유류,0,False
Ozotoceros bezoarticus,MAMMALIA,NT,3,40.7,3.0,0.47712125471966244,포유류,1,False
Pantholops hodgsonii,MAMMALIA,NT,6.1,3.6,6.1,0.785329835010767,포유류,1,False
Parahyaena brunnea,MAMMALIA,NT,8.5,10.6,8.5,0.9294189257142927,포유류,1,False
Petrogale godmani,MAMMALIA,NT,5,40.6,5.0,0.6989700043360189,포유류,1,False
Petrogale mareeba,MAMMALIA,NT,6.5,10.6,6.5,0.8129133566428556,포유류,1,False
Petrogale purpureicollis,MAMMALIA,NT,5,40.3,5.0,0.6989700043360189,포유류,1,False
Phascogale calura,MAMMALIA,NT,1,40.3,1.0,0.0,포유류,1,False
Phascogale tapoatafa,MAMMALIA,NT,1,40.3,1.0,0.0,포유류,1,False
Potorous tridactylus,MAMMALIA,NT,3-4,39.8,3.5,0.5440680443502757,포유류,1,False
Procapra picticaudata,MAMMALIA,NT,4.1,40.0,4.1,0.6127838567197355,포유류,1,False
Pseudantechinus mimulus,MAMMALIA,NT,1.5,40.3,1.5,0.17609125905568124,포유류,1,False
Pseudochirulus cinereus,MAMMALIA,NT,4,40.1,4.0,0.6020599913279624,포유류,1,False
Sminthopsis bindi,MAMMALIA,NT,2,40.6,2.0,0.3010299956639812,포유류,1,False
Taphozous australis,MAMMALIA,NT,2.2,40.3,2.2,0.3424226808222063,포유류,1,False
Tragelaphus imberbis,MAMMALIA,NT,4.3,40.4,4.3,0.6334684555795865,포유류,1,False
Urocyon littoralis,MAMMALIA,NT,4,6.6,4.0,0.6020599913279624,포유류,1,False
Uromys hadrourus,MAMMALIA,NT,2-3,10.5,2.5,0.3979400086720376,포유류,1,False
Wyulda squamicaudata,MAMMALIA,NT,4,40.5,4.0,0.6020599913279624,포유류,1,False
Antechinomys laniger,MAMMALIA,LC,2,40.2,2.0,0.3010299956639812,포유류,0,False
Antidorcas marsupialis,MAMMALIA,LC,4.2,3.6,4.2,0.6232492903979004,포유류,0,False
Arctocephalus australis,MAMMALIA,LC,11.7,3.6,11.7,1.0681858617461617,포유류,0,False
Arctocephalus forsteri,MAMMALIA,LC,9.9,3.6,9.9,0.9956351945975499,포유류,0,False
Arctocephalus pusillus,MAMMALIA,LC,9.1,3.6,9.1,0.9590413923210935,포유류,0,False
Arctocephalus tropicalis,MAMMALIA,LC,10.7,10.5,10.7,1.0293837776852097,포유류,0,False
Balaena mysticetus,MAMMALIA,VU,52,60.0,52.0,1.7160033436347992,포유류,2,False
Boselaphus tragocamelus,MAMMALIA,LC,5.7,10.5,5.7,0.7558748556724915,포유류,0,False
Capra sibirica,MAMMALIA,NT,7,40.1,7.0,0.8450980400142568,포유류,1,False
Castor fiber,MAMMALIA,LC,9,3.6,9.0,0.9542425094393249,포유류,0,False
Ctenomys peruanus,MAMMALIA,CR,1.3,90.5,1.3,0.11394335230683679,포유류,4,False
Gazella bennettii,MAMMALIA,LC,4.0,40.2,4.0,0.6020599913279624,포유류,0,False
Gulo gulo,MAMMALIA,LC,7-8,17.3,7.5,0.8750612633917001,포유류,0,False
Halichoerus grypus,MAMMALIA,LC,16.5,3.6,16.5,1.2174839442139063,포유류,0,False
Herpailurus yagouaroundi,MAMMALIA,NT,6,40.3,6.0,0.7781512503836436,포유류,1,False
Hippotragus equinus,MAMMALIA,LC,7.5,40.1,7.5,0.8750612633917001,포유류,0,False
Histriophoca fasciata,MAMMALIA,LC,10.4,15.2,10.4,1.0170333392987803,포유류,0,False
Hydrurga leptonyx,MAMMALIA,LC,10.4,15.3,10.4,1.0170333392987803,포유류,0,False
Isoodon obesulus,MAMMALIA,LC,2,40.2,2.0,0.3010299956639812,포유류,0,False
Lama guanicoe,MAMMALIA,LC,4-5,3.6,4.5,0.6532125137753437,포유류,0,False
Leptonychotes weddellii,MAMMALIA,LC,10.8,15.1,10.8,1.0334237554869496,포유류,0,False
Lobodon carcinophaga,MAMMALIA,LC,14.9,15.2,14.9,1.173186268412274,포유류,0,False
Lycalopex vetulus,MAMMALIA,NT,3-4,40.3,3.5,0.5440680443502757,포유류,1,False
Marmota olympus,MAMMALIA,LC,5,50.4,5.0,0.6989700043360189,포유류,0,False
Microtus tatricus,MAMMALIA,LC,1,10.5,1.0,0.0,포유류,0,False
Mirounga angustirostris,MAMMALIA,LC,8.7,3.6,8.7,0.9395192526186185,포유류,0,False
Myzopoda schliemanni,MAMMALIA,LC,5.67,15.1,5.67,0.7535830588929066,포유류,0,False
Notoryctes caurinus,MAMMALIA,LC,10,10.5,10.0,1.0,포유류,0,False
Notoryctes typhlops,MAMMALIA,LC,10-15,10.5,12.5,1.0969100130080565,포유류,0,False
Ommatophoca rossii,MAMMALIA,LC,8.6,15.3,8.6,0.9344984512435677,포유류,0,False
Oreamnos americanus,MAMMALIA,LC,7,10.5,7.0,0.8450980400142568,포유류,0,False
Otaria byronia,MAMMALIA,LC,10.6,10.5,10.6,1.0253058652647702,포유류,0,False
Ovis canadensis,MAMMALIA,LC,7,10.5,7.0,0.8450980400142568,포유류,0,False
Ovis dalli,MAMMALIA,LC,7,10.5,7.0,0.8450980400142568,포유류,0,False
Petrogale brachyotis,MAMMALIA,LC,5,15.3,5.0,0.6989700043360189,포유류,0,False
Plecotus kolombatovici,MAMMALIA,LC,5,40.6,5.0,0.6989700043360189,포유류,0,False
Procapra gutturosa,MAMMALIA,LC,4.2,10.5,4.2,0.6232492903979004,포유류,0,False
Pseudantechinus bilarni,MAMMALIA,NT,2,40.2,2.0,0.3010299956639812,포유류,1,False
Pseudochirops archeri,MAMMALIA,NT,4-5,39.9,4.5,0.6532125137753437,포유류,1,False
Pusa sibirica,MAMMALIA,LC,21.6,10.5,21.6,1.334453751150931,포유류,0,False
Rupicapra rupicapra,MAMMALIA,LC,8-11,15.2,9.5,0.9777236052888477,포유류,0,False
Sminthopsis leucopus,MAMMALIA,LC,1,10.5,1.0,0.0,포유류,0,False
