scientific_name,iucn_class,iucn_category,iucn_score,lastwatch_score,lastwatch_tier
Panthera tigris,MAMMALIA,EN,3,54.0,T2
Ailuropoda melanoleuca,MAMMALIA,VU,2,0.4,T0
Ursus maritimus,MAMMALIA,VU,2,14.5,T0
Rhinoceros sondaicus,MAMMALIA,CR,4,78.0,T3
Gorilla beringei graueri,MAMMALIA,CR,4,48.7,T2
Phocoena sinus,MAMMALIA,CR,4,100.0,T4
Grus japonensis,AVES,VU,2,54.8,T2
Raphus cucullatus,AVES,EX,5,100.0,EX
Thylacinus cynocephalus,MAMMALIA,EX,5,100.0,EX
Ectopistes migratorius,AVES,EX,5,100.0,EX
Lipotes vexillifer,MAMMALIA,CR,4,100.0,EX
Atelopus oxyrhynchus,AMPHIBIA,CR,4,90.6,T4
Antilophia bokermanni,AVES,CR,4,67.7,T3
Pseudobulweria aterrima,AVES,CR,4,78.5,T3
Dobsonia chapmani,MAMMALIA,CR,4,90.0,T4
Acinonyx jubatus venaticus,MAMMALIA,VU,2,45.0,T2
Gymnobelideus leadbeateri,MAMMALIA,CR,4,50.6,T2
Eutrichomyias rowleyi,AVES,CR,4,84.3,T4
Acipenser sturio,ACTINOPTERYGII,CR,4,90.0,T4
Bunolagus monticularis,MAMMALIA,CR,4,77.3,T3
Holoaden bradei,AMPHIBIA,CR,4,90.0,T4
Santamartamys rufodorsalis,MAMMALIA,CR,4,90.0,T4
Crocodylus intermedius,REPTILIA,CR,4,76.9,T3
Mammillaria marcosii,MAGNOLIOPSIDA,CR,4,79.0,T3
Mammillaria pennispinosa,MAGNOLIOPSIDA,CR,4,50.9,T2
Cuora yunnanensis,REPTILIA,CR,4,90.3,T4
Rhinopithecus brelichi,MAMMALIA,CR,4,76.1,T3
Plectrohyla pachyderma,,CR,4,90.6,T4
Radula visianica,JUNGERMANNIOPSIDA,CR,4,90.0,T4
Nomascus concolor,MAMMALIA,CR,4,50.8,T2
Lepidochelys kempii,REPTILIA,CR,4,15.1,T0
Weberocereus frohningiorum,MAGNOLIOPSIDA,CR,4,90.0,T4
Crocodylus mindorensis,REPTILIA,CR,4,81.1,T4
Aphrastura masafuerae,AVES,CR,4,70.0,T3
Sarothrura ayresi,AVES,CR,4,79.0,T3
Anthochaera phrygia,AVES,CR,4,67.6,T3
Mecistops cataphractus,REPTILIA,CR,4,40.5,T2
Otus insularis,AVES,CR,4,74.5,T3
Vanellus gregarius,AVES,CR,4,93.2,T4
Auerodendron pauciflorum,MAGNOLIOPSIDA,CR,4,90.0,T4
Rhizanthella gardneri,LILIOPSIDA,CR,4,93.6,T4
Turbinicarpus laui,MAGNOLIOPSIDA,CR,4,44.9,T2
Cyornis banyumas,AVES,CR,4,67.3,T3
Microcycas calocoma,CYCADOPSIDA,CR,4,79.4,T3
Didunculus strigirostris,AVES,CR,4,82.1,T4
Byblis gigantea,MAGNOLIOPSIDA,CR,4,17.3,T0
Pharotis imogene,MAMMALIA,CR,4,90.0,T4
Tahina spectabilis,LILIOPSIDA,CR,4,90.0,T4
Mammillaria albiflora,MAGNOLIOPSIDA,CR,4,45.0,T2
Pteropus aruensis,MAMMALIA,CR,4,90.0,T4
Phoboscincus bocourti,REPTILIA,CR,4,84.6,T4
Pristimantis xylochobates,AMPHIBIA,CR,4,90.0,T4
Turbinicarpus swobodae,MAGNOLIOPSIDA,CR,4,50.5,T2
Plecotus teneriffae,MAMMALIA,CR,4,50.6,T2
Adansonia perrieri,MAGNOLIOPSIDA,CR,4,75.9,T3
Mellissia begoniifolia,,CR,4,94.8,T4
Abies beshanzuensis,PINOPSIDA,CR,4,94.6,T4
Wikstroemia villosa,MAGNOLIOPSIDA,CR,4,90.0,T4
Haptanthus hazlettii,MAGNOLIOPSIDA,CR,4,77.3,T3
Nepenthes attenboroughii,MAGNOLIOPSIDA,CR,4,60.0,T3
Mexipedium xerophyticum,LILIOPSIDA,CR,4,90.0,T4
Uromys porculus,MAMMALIA,CR,4,90.0,T4
Phalanger matanim,MAMMALIA,CR,4,90.0,T4
Murina tenebrosa,MAMMALIA,CR,4,90.0,T4
Diceros bicornis,MAMMALIA,CR,4,10.4,T0
Craugastor tabasarae,AMPHIBIA,CR,4,74.1,T3
Turbinicarpus mandragora,MAGNOLIOPSIDA,CR,4,44.9,T2
Uromys imperator,MAMMALIA,CR,4,90.0,T4
Calyptura cristata,AVES,CR,4,90.0,T4
Nepenthes aristolochioides,MAGNOLIOPSIDA,CR,4,84.4,T4
Tylomys bullaris,MAMMALIA,CR,4,90.0,T4
Turbinicarpus alonsoi,MAGNOLIOPSIDA,CR,4,44.6,T2
Potorous gilbertii,MAMMALIA,CR,4,90.0,T4
Turbinicarpus hoferi,MAGNOLIOPSIDA,CR,4,51.7,T2
Necrosyrtes monachus,AVES,CR,4,40.3,T2
Mammillaria schwarzii,MAGNOLIOPSIDA,CR,4,51.2,T2
Equus africanus,MAMMALIA,CR,4,81.4,T4
Bostrychia bocagei,AVES,CR,4,51.0,T2
Pseudoryx nghetinhensis,MAMMALIA,CR,4,77.6,T3
Crocodylus siamensis,REPTILIA,CR,4,51.1,T2
Eubalaena glacialis,MAMMALIA,CR,4,90.0,T4
Mammillaria anniana,MAGNOLIOPSIDA,CR,4,67.1,T3
Opuntia chaffeyi,MAGNOLIOPSIDA,CR,4,92.5,T4
Alligator sinensis,REPTILIA,CR,4,78.0,T3
Crocodylus rhombifer,REPTILIA,CR,4,50.4,T2
Axis kuhlii,MAMMALIA,CR,4,60.0,T3
Turbinicarpus gielsdorfianus,MAGNOLIOPSIDA,CR,4,44.7,T2
Mammillaria sanchez-mejoradae,MAGNOLIOPSIDA,CR,4,67.4,T3
Heteromirafra archeri,AVES,CR,4,78.9,T3
Ostrya rehderiana,MAGNOLIOPSIDA,CR,4,94.3,T4
Dendrolagus scottae,MAMMALIA,CR,4,70.0,T3
Wollemia nobilis,PINOPSIDA,CR,4,90.0,T4
Addax nasomaculatus,MAMMALIA,CR,4,84.2,T4
Panthera tigris amoyensis,MAMMALIA,EN,3,49.8,T2
Bos javanicus,MAMMALIA,CR,4,50.2,T2
Terenura sicki,AVES,CR,4,78.6,T3
Abies yuanbaoshanensis,PINOPSIDA,CR,4,67.1,T3
Pithecophaga jefferyi,AVES,CR,4,66.8,T3
Spheniscus demersus,AVES,CR,4,40.6,T2
Dendrolagus pulcherrimus,MAMMALIA,CR,4,30.5,T1
Dryococelus australis,INSECTA,CR,4,90.0,T4
Panthera tigris sumatrae,MAMMALIA,EN,3,50.4,T2
Pipile pipile,AVES,CR,4,70.0,T3
Aegotheles savesi,AVES,CR,4,90.0,T4
Lepilemur septentrionalis,MAMMALIA,CR,4,90.0,T4
Gymnogyps californianus,AVES,CR,4,78.0,T3
Mammillaria theresae,MAGNOLIOPSIDA,CR,4,75.9,T3
Gyps indicus,AVES,CR,4,40.2,T2
Arthroleptides dutoiti,AMPHIBIA,CR,4,74.8,T3
Batagur trivittata,REPTILIA,CR,4,93.4,T4
Batagur kachuga,REPTILIA,CR,4,67.2,T3
Hadramphus tuberculatus,INSECTA,CR,4,70.0,T3
Gorilla beringei,MAMMALIA,CR,4,50.4,T2
Litoria lorica,AMPHIBIA,CR,4,30.2,T1
Dipodomys gravipes,MAMMALIA,CR,4,90.0,T4
Cyclura pinguis,REPTILIA,CR,4,60.0,T3
Actinella obserata,GASTROPODA,CR,4,90.0,T4
Eleutherodactylus jasperi,AMPHIBIA,CR,4,90.0,T4
Gopherus flavomarginatus,REPTILIA,CR,4,50.6,T2
Anas laysanensis,AVES,CR,4,20.0,T1
Turbinicarpus horripilus,MAGNOLIOPSIDA,EN,3,50.7,T2
Opuntia pachyrrhiza,MAGNOLIOPSIDA,EN,3,40.2,T2
Xenicus gilviventris,AVES,EN,3,44.9,T2
Mammillaria microhelia,MAGNOLIOPSIDA,EN,3,67.3,T3
Spongiforma squarepantsii,AGARICOMYCETES,EN,3,67.4,T3
Amentotaxus formosana,PINOPSIDA,EN,3,67.5,T3
Cynometra beddomei,MAGNOLIOPSIDA,EN,3,76.2,T3
Aloe helenae,LILIOPSIDA,EN,3,68.3,T3
Aloe suzannae,LILIOPSIDA,EN,3,67.3,T3
Xanthocyparis vietnamensis,PINOPSIDA,EN,3,51.7,T2
Melocactus matanzanus,MAGNOLIOPSIDA,EN,3,70.0,T3
Melocactus lanssensianus,MAGNOLIOPSIDA,EN,3,50.4,T2
Scilla morrisii,LILIOPSIDA,EN,3,17.4,T0
Micranthocereus polyanthus,MAGNOLIOPSIDA,EN,3,50.7,T2
Nepenthes adnata,MAGNOLIOPSIDA,EN,3,70.0,T3
Synapsis ilicifolia,MAGNOLIOPSIDA,CR,4,94.8,T4
Anthemis glaberrima,MAGNOLIOPSIDA,EN,3,40.2,T2
Ariocarpus scaphirostris,MAGNOLIOPSIDA,EN,3,40.4,T2
Obregonia denegrii,MAGNOLIOPSIDA,EN,3,44.9,T2
Abies ziyuanensis,PINOPSIDA,EN,3,51.6,T2
Oreophasis derbianus,AVES,EN,3,51.1,T2
Gomortega keule,MAGNOLIOPSIDA,EN,3,51.0,T2
Aloe cremnophila,LILIOPSIDA,EN,3,70.0,T3
Sauromalus hispidus,REPTILIA,EN,3,50.3,T2
Goetzea elegans,MAGNOLIOPSIDA,EN,3,22.6,T1
Accipiter gundlachi,AVES,EN,3,51.5,T2
Puya raimondii,LILIOPSIDA,EN,3,40.2,T2
Echinocactus grusonii,MAGNOLIOPSIDA,EN,3,40.4,T2
Nepenthes chaniana,MAGNOLIOPSIDA,EN,3,22.1,T1
Mammillaria mathildae,MAGNOLIOPSIDA,EN,3,67.3,T3
Dioon purpusii,CYCADOPSIDA,EN,3,50.5,T2
Garrulax rufifrons,AVES,EN,3,50.3,T2
Achyranthes mutica,MAGNOLIOPSIDA,EN,3,79.8,T3
Cuon alpinus,MAMMALIA,EN,3,50.6,T2
Echium pininana,MAGNOLIOPSIDA,EN,3,15.3,T0
Cycas circinalis,CYCADOPSIDA,EN,3,44.9,T2
Rhyticeros everetti,AVES,EN,3,50.6,T2
Procellaria westlandica,AVES,EN,3,15.2,T0
Aratinga solstitialis,AVES,EN,3,51.0,T2
Elaeocarpus recurvatus,MAGNOLIOPSIDA,EN,3,45.2,T2
Pavo muticus,AVES,EN,3,40.6,T2
Diomedea amsterdamensis,AVES,EN,3,78.0,T3
Taphrolesbia griseiventris,AVES,EN,3,67.0,T3
Oxyura maccoa,AVES,EN,3,44.8,T2
Oxyura leucocephala,AVES,VU,2,50.8,T2
Pterodroma cahow,AVES,EN,3,70.0,T3
Penelopides mindorensis,AVES,EN,3,66.9,T3
Copsychus sechellarum,AVES,EN,3,70.0,T3
Acer griseum,MAGNOLIOPSIDA,EN,3,75.1,T3
Taoniscus nanus,AVES,EN,3,44.8,T2
Ctenosaura oedirhina,REPTILIA,EN,3,44.7,T2
Ctenosaura melanosterna,REPTILIA,EN,3,44.8,T2
Ctenosaura palearis,REPTILIA,EN,3,50.4,T2
Melicope pallida,MAGNOLIOPSIDA,CR,4,73.4,T3
Amazona vinacea,AVES,EN,3,50.2,T2
Anas bernieri,AVES,EN,3,51.0,T2
Juniperus gracilior,PINOPSIDA,EN,3,51.3,T2
Phalacrocorax featherstoni,AVES,EN,3,50.8,T2
Conolophus pallidus,REPTILIA,VU,2,18.4,T0
Procellaria aequinoctialis,AVES,VU,2,39.7,T1
Procellaria conspicillata,AVES,VU,2,3.6,T0
Tyto aurantia,AVES,VU,2,44.9,T2
Aloe ukambensis,LILIOPSIDA,VU,2,18.3,T0
Gallotia simonyi,REPTILIA,VU,2,60.0,T3
Telespiza cantans,AVES,VU,2,13.5,T0
Procellaria parkinsoni,AVES,VU,2,13.5,T0
Geothlypis beldingi,AVES,VU,2,50.7,T2
Accipiter butleri,AVES,VU,2,51.0,T2
Accipiter luteoschistaceus,AVES,VU,2,50.7,T2
Accipiter henstii,AVES,VU,2,51.5,T2
Accipiter brachyurus,AVES,VU,2,45.0,T2
Parasitaxus usta,PINOPSIDA,VU,2,40.3,T2
Pterospermum reticulatum,MAGNOLIOPSIDA,LC,0,10.5,T0
Accipiter princeps,AVES,VU,2,44.7,T2
Psittrichas fulgidus,AVES,VU,2,39.9,T1
Sternula nereis,AVES,VU,2,44.8,T2
Astrophytum asterias,MAGNOLIOPSIDA,VU,2,44.8,T2
Cycas armstrongii,CYCADOPSIDA,VU,2,39.8,T1
Echium gentianoides,MAGNOLIOPSIDA,VU,2,3.6,T0
Beccariophoenix alfredii,LILIOPSIDA,VU,2,17.4,T0
Nepenthes campanulata,MAGNOLIOPSIDA,VU,2,13.6,T0
Lophophora diffusa,MAGNOLIOPSIDA,VU,2,49.9,T2
Chondrostoma scodrense,ACTINOPTERYGII,EX,5,100.0,EX
Brotomys voratus,MAMMALIA,EX,5,100.0,EX
Achyranthes atollensis,MAGNOLIOPSIDA,EX,5,100.0,EX
Notomys mordax,MAMMALIA,EX,5,100.0,EX
Cyprinodon ceciliae,ACTINOPTERYGII,EX,5,100.0,EX
Boromys torrei,MAMMALIA,EX,5,100.0,EX
Boromys offella,MAMMALIA,EX,5,100.0,EX
Isolobodon montanus,MAMMALIA,EX,5,100.0,EX
Flabellidium spinosum,BRYOPSIDA,EX,5,100.0,EX
Coua delalandei,AVES,EX,5,100.0,EX
Cyprinodon inmemoriam,ACTINOPTERYGII,EX,5,100.0,EX
Gambusia amistadensis,ACTINOPTERYGII,EX,5,100.0,EX
Litoria nyakalensis,AMPHIBIA,EX,5,100.0,EX
Pteropus pilosus,MAMMALIA,EX,5,100.0,EX
Leiolopisma mauritiana,REPTILIA,EX,5,100.0,EX
Argyroxiphium virescens,MAGNOLIOPSIDA,EX,5,100.0,EX
Elimia gibbera,GASTROPODA,EX,5,100.0,EX
Achatinella papyracea,GASTROPODA,EX,5,100.0,EX
Leptoxis vittata,GASTROPODA,EX,5,100.0,EX
Melicope obovata,MAGNOLIOPSIDA,EX,5,100.0,EX
Scelotes guentheri,REPTILIA,EX,5,100.0,EX
Pradosia glaziovii,MAGNOLIOPSIDA,EX,5,100.0,EX
Turdus ravidus,AVES,EX,5,100.0,EX
Alburnus akili,ACTINOPTERYGII,EX,5,100.0,EX
Ctenochromis pectoralis,ACTINOPTERYGII,EX,5,100.0,EX
Blutaparon rigidum,MAGNOLIOPSIDA,EX,5,100.0,EX
Lophopsittacus mauritianus,AVES,EX,5,100.0,EX
Kokia lanceolata,MAGNOLIOPSIDA,EX,5,100.0,EX
Chilonopsis blofeldi,GASTROPODA,EX,5,100.0,EX
Porphyrio caerulescens,AVES,EX,5,100.0,EX
Lagorchestes asomatus,MAMMALIA,EX,5,100.0,EX
Lepidochrysops hypopolia,INSECTA,EX,5,100.0,EX
Myrcia neocambessedeana,MAGNOLIOPSIDA,EX,5,100.0,EX
Streblorrhiza speciosa,MAGNOLIOPSIDA,EX,5,100.0,EX
Myrcia skeldingii,MAGNOLIOPSIDA,EX,5,100.0,EX
Campomanesia lundiana,MAGNOLIOPSIDA,EX,5,100.0,EX
Roystonea stellata,LILIOPSIDA,EX,5,100.0,EX
Cylindraspis inepta,REPTILIA,EX,5,100.0,EX
Geocapromys thoracatus,MAMMALIA,EX,5,100.0,EX
Achatinella casta,GASTROPODA,EX,5,100.0,EX
Drosophila lanaiensis,INSECTA,EX,5,100.0,EX
Cyprinus yilongensis,ACTINOPTERYGII,EX,5,100.0,EX
Myadestes woahensis,AVES,EX,5,100.0,EX
Heteropsomys insulans,MAMMALIA,EX,5,100.0,EX
Cryptonanus ignitus,MAMMALIA,EX,5,100.0,EX
Vanvoorstia bennettiana,FLORIDEOPHYCEAE,EX,5,100.0,EX
Hibiscadelphus crucibracteatus,MAGNOLIOPSIDA,EX,5,100.0,EX
Perameles eremiana,MAMMALIA,EX,5,100.0,EX
Barbus microbarbis,ACTINOPTERYGII,EX,5,100.0,EX
Chasmistes muriei,ACTINOPTERYGII,EX,5,100.0,EX
Chlorostilbon elegans,,EX,5,100.0,EX
Alasmidonta wrightiana,BIVALVIA,EX,5,100.0,EX
Alasmidonta robusta,BIVALVIA,EX,5,100.0,EX
Chlorostilbon bracei,,EX,5,100.0,EX
Argocoffeopsis lemblinii,MAGNOLIOPSIDA,EX,5,100.0,EX
Tetradactylus eastwoodae,REPTILIA,EX,5,100.0,EX
Juscelinomys candango,MAMMALIA,EX,5,100.0,EX
Coregonus johannae,ACTINOPTERYGII,EX,5,100.0,EX
Hibiscadelphus bombycinus,MAGNOLIOPSIDA,EX,5,100.0,EX
Deloneura immaculata,INSECTA,EX,5,100.0,EX
Necropsar rodericanus,AVES,EX,5,100.0,EX
Begonia eiromischa,MAGNOLIOPSIDA,EX,5,100.0,EX
Cyanoramphus ulietanus,AVES,EX,5,100.0,EX
Viola cryana,MAGNOLIOPSIDA,EX,5,100.0,EX
Salmo pallaryi,ACTINOPTERYGII,EX,5,100.0,EX
Necropsittacus rodricanus,AVES,EX,5,100.0,EX
Xenicus longipes,AVES,EX,5,100.0,EX
Hexolobodon phenax,MAMMALIA,EX,5,100.0,EX
Achatinella spaldingi,GASTROPODA,EX,5,100.0,EX
Leptoxis compacta,GASTROPODA,EX,5,100.0,EX
Mecodema punctellum,INSECTA,EX,5,100.0,EX
Lepidomeda altivelis,ACTINOPTERYGII,EX,5,100.0,EX
Acalypha rubrinervis,MAGNOLIOPSIDA,EX,5,100.0,EX
Potorous platyops,MAMMALIA,EX,5,100.0,EX
Salvelinus agassizii,ACTINOPTERYGII,EX,5,100.0,EX
Leporillus apicalis,MAMMALIA,EX,5,100.0,EX
Achatinella abbreviata,GASTROPODA,EX,5,100.0,EX
Achatinella caesia,GASTROPODA,EX,5,100.0,EX
Achatinella thaanumi,GASTROPODA,EX,5,100.0,EX
Caloprymnus campestris,MAMMALIA,EX,5,100.0,EX
Lagorchestes leporides,MAMMALIA,EX,5,100.0,EX
Partula turgida,GASTROPODA,EX,5,100.0,EX
Leiocephalus herminieri,REPTILIA,EX,5,100.0,EX
Leiocephalus eremitus,REPTILIA,EX,5,100.0,EX
Dromaius baudinianus,AVES,EX,5,100.0,EX
Anas marecula,AVES,EX,5,100.0,EX
Alasmidonta mccordi,BIVALVIA,EX,5,100.0,EX
Incerticyclus martinicensis,GASTROPODA,EX,5,100.0,EX
Incerticyclus cinereus,GASTROPODA,EX,5,100.0,EX
Evarra bustamantei,ACTINOPTERYGII,EX,5,100.0,EX
Evarra eigenmanni,ACTINOPTERYGII,EX,5,100.0,EX
Melamprosops phaeosoma,AVES,EX,5,100.0,EX
Coryphomys buehleri,MAMMALIA,EX,5,100.0,EX
Salvelinus neocomensis,ACTINOPTERYGII,EX,5,100.0,EX
Achatinella decora,GASTROPODA,EX,5,100.0,EX
Evarra tlahuacensis,ACTINOPTERYGII,EX,5,100.0,EX
Characodon garmani,ACTINOPTERYGII,EX,5,100.0,EX
Podiceps andinus,AVES,EX,5,100.0,EX
Auriculella expansa,GASTROPODA,EX,5,100.0,EX
Dupontia proletaria,GASTROPODA,EX,5,100.0,EX
Mascarenotus murivorus,AVES,EX,5,100.0,EX
Achatinella valida,GASTROPODA,EX,5,100.0,EX
Cyclophorus horridulum,GASTROPODA,EX,5,100.0,EX
Auriculella uniplicata,GASTROPODA,EX,5,100.0,EX
Cyclosurus mariei,GASTROPODA,EX,5,100.0,EX
Elimia brevis,GASTROPODA,EX,5,100.0,EX
Elimia vanuxemiana,GASTROPODA,EX,5,100.0,EX
Elimia impressa,GASTROPODA,EX,5,100.0,EX
Amastra cornea,GASTROPODA,EX,5,100.0,EX
Amastra albolabris,GASTROPODA,EX,5,100.0,EX
Elimia fusiformis,GASTROPODA,EX,5,100.0,EX
Amastra crassilabrum,GASTROPODA,EX,5,100.0,EX
Elimia jonesi,GASTROPODA,EX,5,100.0,EX
Leptoxis lirata,GASTROPODA,EX,5,100.0,EX
Elimia hartmaniana,GASTROPODA,EX,5,100.0,EX
Leptoxis formosa,GASTROPODA,EX,5,100.0,EX
Hygrotus artus,INSECTA,EX,5,100.0,EX
Elimia clausa,GASTROPODA,EX,5,100.0,EX
Achatinella dimorpha,GASTROPODA,EX,5,100.0,EX
Leptoxis clipeata,GASTROPODA,EX,5,100.0,EX
Plagiodontia ipnaeum,MAMMALIA,EX,5,100.0,EX
Amastra forbesi,GASTROPODA,EX,5,100.0,EX
Amastra elongata,GASTROPODA,EX,5,100.0,EX
Amphicyclotulus guadeloupensis,GASTROPODA,EX,5,100.0,EX
Gyrotoma excisa,GASTROPODA,EX,5,100.0,EX
Hirasea planulata,GASTROPODA,EX,5,100.0,EX
Littoridina gaudichaudii,GASTROPODA,EX,5,100.0,EX
Leptoxis ligata,GASTROPODA,EX,5,100.0,EX
Gyrotoma lewisii,GASTROPODA,EX,5,100.0,EX
Gyrotoma pagoda,GASTROPODA,EX,5,100.0,EX
Gyrotoma pumila,GASTROPODA,EX,5,100.0,EX
Leptoxis occultata,GASTROPODA,EX,5,100.0,EX
Alectroenas nitidissimus,AVES,EX,5,100.0,EX
Tristramella magdelainae,ACTINOPTERYGII,EX,5,100.0,EX
Achatinella lehuiensis,GASTROPODA,EX,5,100.0,EX
Amastra reticulata,GASTROPODA,EX,5,100.0,EX
Amastra pellucida,GASTROPODA,EX,5,100.0,EX
Amastra subsoror,GASTROPODA,EX,5,100.0,EX
Clappia cahabensis,GASTROPODA,EX,5,100.0,EX
Achatinella buddii,GASTROPODA,EX,5,100.0,EX
Elimia laeta,GASTROPODA,EX,5,100.0,EX
Elimia pupaeformis,GASTROPODA,EX,5,100.0,EX
Cottus echinatus,ACTINOPTERYGII,EX,5,100.0,EX
Coregonus alpenae,ACTINOPTERYGII,EX,5,100.0,EX
Gyrotoma pyramidata,GASTROPODA,EX,5,100.0,EX
Achatinella livida,GASTROPODA,EX,5,100.0,EX
Fundulus albolineatus,ACTINOPTERYGII,EX,5,100.0,EX
Leptoxis torrefacta,GASTROPODA,EX,5,100.0,EX
Porphyrio mantelli,AVES,EX,5,100.0,EX
Amastra tenuispira,GASTROPODA,EX,5,100.0,EX
Elimia pilsbryi,GASTROPODA,EX,5,100.0,EX
Elimia pygmaea,GASTROPODA,EX,5,100.0,EX
Harmogenanina linophora,GASTROPODA,EX,5,100.0,EX
Harmogenanina subdetecta,GASTROPODA,EX,5,100.0,EX
Chilonopsis exulatus,GASTROPODA,EX,5,100.0,EX
Epioblasma haysiana,BIVALVIA,EX,5,100.0,EX
Nestor productus,AVES,EX,5,100.0,EX
Nesiota elliptica,MAGNOLIOPSIDA,EX,5,100.0,EX
Amastra porcus,GASTROPODA,EX,5,100.0,EX
Amphigyra alabamensis,GASTROPODA,EX,5,100.0,EX
Alloperla roberti,INSECTA,EX,5,100.0,EX
Amastra subrostrata,GASTROPODA,EX,5,100.0,EX
Acanthametropus pecatonica,INSECTA,EX,5,100.0,EX
Amastra umbilicata,GASTROPODA,EX,5,100.0,EX
Carelia sinclairi,GASTROPODA,EX,5,100.0,EX
Epioblasma flexuosa,BIVALVIA,EX,5,100.0,EX
Gyrotoma walkeri,GASTROPODA,EX,5,100.0,EX
Gastrocopta ogasawarana,GASTROPODA,EX,5,100.0,EX
Gastrocopta chichijimana,GASTROPODA,EX,5,100.0,EX
Achatinella elegans,GASTROPODA,EX,5,100.0,EX
Chilonopsis subtruncatus,GASTROPODA,EX,5,100.0,EX
Leptoxis foremanii,GASTROPODA,EX,5,100.0,EX
Podilymbus gigas,AVES,EX,5,100.0,EX
Mautodontha saintjohni,GASTROPODA,EX,5,100.0,EX
Macrotis leucura,MAMMALIA,EX,5,100.0,EX
Abutilon pitcairnense,MAGNOLIOPSIDA,EW,5,100.0,EX
Camellia amplexicaulis,MAGNOLIOPSIDA,EW,5,100.0,EX
Franklinia alatamaha,MAGNOLIOPSIDA,EW,5,100.0,EX
Brugmansia insignis,MAGNOLIOPSIDA,EW,5,100.0,EX
Brugmansia vulcanicola,MAGNOLIOPSIDA,EW,5,100.0,EX
Cyprinodon veronicae,ACTINOPTERYGII,EW,5,100.0,EX
Nectophrynoides asperginis,AMPHIBIA,EW,5,100.0,EX
Brighamia insignis,MAGNOLIOPSIDA,EW,5,100.0,EX
Partula taeniata simulans,GASTROPODA,CR,4,100.0,EX
Notropis amecae,ACTINOPTERYGII,EW,5,100.0,EX
Encephalartos woodii,CYCADOPSIDA,EW,5,100.0,EX
Furcraea macdougallii,LILIOPSIDA,EW,5,100.0,EX
Allotoca goslinei,ACTINOPTERYGII,EW,5,100.0,EX
Cyanea pinnatifida,MAGNOLIOPSIDA,EW,5,100.0,EX
Skiffia francesae,ACTINOPTERYGII,EW,5,100.0,EX
Cryptoblepharus egeriae,REPTILIA,EW,5,100.0,EX
Clianthus puniceus,MAGNOLIOPSIDA,EW,5,100.0,EX
Brugmansia arborea,MAGNOLIOPSIDA,EW,5,100.0,EX
Leptogryllus deceptor,INSECTA,EW,5,100.0,EX
Lysimachia minoricensis,MAGNOLIOPSIDA,EW,5,100.0,EX
Trochetiopsis erythroxylon,MAGNOLIOPSIDA,EW,5,100.0,EX
Brugmansia aurea,MAGNOLIOPSIDA,EW,5,100.0,EX
Corvus hawaiiensis,AVES,EW,5,100.0,EX
Amomum sumatranum,LILIOPSIDA,EW,5,100.0,EX
Dendroseris gigantea,MAGNOLIOPSIDA,EW,5,100.0,EX
Senecio leucopeplus,MAGNOLIOPSIDA,EW,5,100.0,EX
Zenaida graysoni,AVES,EW,5,100.0,EX
Cyanopsitta spixii,AVES,EW,5,100.0,EX
Aylacostoma chloroticum,GASTROPODA,EW,5,100.0,EX
Aylacostoma stigmaticum,GASTROPODA,EW,5,100.0,EX
Partula rosea,GASTROPODA,EW,5,100.0,EX
Partula taeniata elongata,GASTROPODA,CR,4,100.0,EX
Euphorbia mayurnathanii,MAGNOLIOPSIDA,EW,5,100.0,EX
Cyanea superba subsp. superba,MAGNOLIOPSIDA,EW,5,100.0,EX
Aylacostoma guaraniticum,GASTROPODA,EW,5,100.0,EX
Cyrtandra waiolani,MAGNOLIOPSIDA,EW,5,100.0,EX
Rhododendron kanehirae,MAGNOLIOPSIDA,EW,5,100.0,EX
Cyanea superba,MAGNOLIOPSIDA,EW,5,100.0,EX
Alphonsea hortensis,MAGNOLIOPSIDA,EW,5,100.0,EX
Encephalartos brevifoliolatus,CYCADOPSIDA,EW,5,100.0,EX
Encephalartos heenanii,CYCADOPSIDA,EW,5,100.0,EX
Encephalartos nubimontanus,CYCADOPSIDA,EW,5,100.0,EX
Encephalartos relictus,CYCADOPSIDA,EW,5,100.0,EX
Cyprinodon alvarezi,ACTINOPTERYGII,EW,5,100.0,EX
Cyprinodon longidorsalis,ACTINOPTERYGII,EW,5,100.0,EX
Brugmansia versicolor,MAGNOLIOPSIDA,EW,5,100.0,EX
Partula hebe,GASTROPODA,EW,5,100.0,EX
Arachis rigonii,MAGNOLIOPSIDA,EW,5,100.0,EX
Aloe silicicola,LILIOPSIDA,EW,5,100.0,EX
Scardinius racovitzai,ACTINOPTERYGII,EW,5,100.0,EX
Partula varia,GASTROPODA,EW,5,100.0,EX
Ochrosia brownii,MAGNOLIOPSIDA,EW,5,100.0,EX
Bromus bromoideus,LILIOPSIDA,EW,5,100.0,EX
Brugmansia sanguinea,MAGNOLIOPSIDA,EW,5,100.0,EX
Lepidodactylus listeri,REPTILIA,EW,5,100.0,EX
Partula nodosa,GASTROPODA,EW,5,100.0,EX
Partula mirabilis,GASTROPODA,EW,5,100.0,EX
Partula dentifera,GASTROPODA,EX,5,100.0,EX
Partula suturalis,GASTROPODA,EW,5,100.0,EX
Partula mooreana,GASTROPODA,EW,5,100.0,EX
Kokia cookei,MAGNOLIOPSIDA,EW,5,100.0,EX
Partula taeniata nucleola,GASTROPODA,CR,4,100.0,EX
Partula navigatoria,GASTROPODA,EW,5,100.0,EX
Brugmansia suaveolens,MAGNOLIOPSIDA,EW,5,100.0,EX
Xiphophorus couchianus,ACTINOPTERYGII,EW,5,100.0,EX
Kalanchoe fadeniorum,MAGNOLIOPSIDA,EW,5,100.0,EX
Erythroxylum echinodendron,MAGNOLIOPSIDA,EW,5,100.0,EX
Sophora toromiro,MAGNOLIOPSIDA,EW,5,100.0,EX
Partula garrettii,GASTROPODA,EW,5,100.0,EX
Diplazium laffanianum,POLYPODIOPSIDA,EW,5,100.0,EX
Agave lurida,LILIOPSIDA,EW,5,100.0,EX
Mitu mitu,AVES,EW,5,100.0,EX
Todiramphus cinnamominus,AVES,EW,5,100.0,EX
Lachanodes arborea,MAGNOLIOPSIDA,EW,5,100.0,EX
Thermosphaeroma thermophilum,MALACOSTRACA,EW,5,100.0,EX
Bromus interruptus,LILIOPSIDA,EW,5,100.0,EX
Corypha taliera,LILIOPSIDA,EW,5,100.0,EX
Xiphophorus meyeri,ACTINOPTERYGII,EW,5,100.0,EX
Anaxyrus baxteri,AMPHIBIA,EW,5,100.0,EX
Mangifera casturi,MAGNOLIOPSIDA,EW,5,100.0,EX
Partula suturalis vexillum,GASTROPODA,EW,5,100.0,EX
Partula suturalis strigosa,GASTROPODA,EW,5,100.0,EX
Ursus thibetanus ussuricus,MAMMALIA,VU,2,73.1,T3
Naemorhedus caudatus,MAMMALIA,VU,2,55.2,T2
Lutra lutra,MAMMALIA,NT,1,0.0,T0
Nipponia nippon,AVES,EN,3,0.4,T0
Ciconia boyciana,AVES,EN,3,54.6,T2
Panthera tigris altaica,MAMMALIA,EN,3,66.5,T3
Canis lupus coreanus,MAMMALIA,LC,0,100.0,EX
Cervus nippon hortulorum,MAMMALIA,LC,0,100.0,EX
Cercopithecus dryas,,EN,3,70.0,T3
Oreonax flavicauda,,CR,4,44.7,T2
Zyzomys palatalis,MAMMALIA,CR,4,22.6,T1
Lepilemur wrightae,MAMMALIA,EN,3,50.1,T2
Bison bonasus,MAMMALIA,NT,1,17.3,T0
Capra aegagrus,MAMMALIA,NT,1,10.5,T0
Isoodon auratus,MAMMALIA,LC,0,10.5,T0
Lagorchestes hirsutus,MAMMALIA,NT,1,6.6,T0
Leopardus guigna,MAMMALIA,LC,0,15.2,T0
Notomys fuscus,MAMMALIA,NT,1,10.5,T0
Syconycteris carolinae,MAMMALIA,NT,1,40.6,T2
Antilope cervicapra,MAMMALIA,LC,0,15.3,T0
Bettongia gaimardi,MAMMALIA,NT,1,15.0,T0
Bettongia lesueur,MAMMALIA,NT,1,10.5,T0
Bison bison,MAMMALIA,NT,1,10.6,T0
Capra cylindricornis,MAMMALIA,NT,1,10.5,T0
Capra falconeri,MAMMALIA,NT,1,6.6,T0
Chrysocyon brachyurus,MAMMALIA,NT,1,15.3,T0
Dasyurus geoffroii,MAMMALIA,NT,1,13.5,T0
Dasyurus maculatus,MAMMALIA,NT,1,40.2,T2
Dendrolagus lumholtzi,MAMMALIA,NT,1,15.3,T0
Eudorcas thomsonii,MAMMALIA,LC,0,40.1,T2
Genetta piscivora,MAMMALIA,NT,1,40.5,T2
Hyaena hyaena,MAMMALIA,NT,1,40.5,T2
Lasiorhinus latifrons,MAMMALIA,LC,0,3.6,T0
Leporillus conditor,MAMMALIA,NT,1,22.2,T1
Mastacomys fuscus,MAMMALIA,NT,1,40.3,T2
Monodon monoceros,MAMMALIA,VU,2,44.7,T2
Notomys cervinus,MAMMALIA,NT,1,13.5,T0
Ornithorhynchus anatinus,MAMMALIA,NT,1,40.1,T2
Otocolobus manul,MAMMALIA,LC,0,40.2,T2
Ozotoceros bezoarticus,MAMMALIA,NT,1,40.7,T2
Pantholops hodgsonii,MAMMALIA,NT,1,3.6,T0
Parahyaena brunnea,MAMMALIA,NT,1,10.6,T0
Petrogale godmani,MAMMALIA,NT,1,40.6,T2
Petrogale mareeba,MAMMALIA,NT,1,10.6,T0
Petrogale purpureicollis,MAMMALIA,NT,1,40.3,T2
Phascogale calura,MAMMALIA,NT,1,40.3,T2
Phascogale tapoatafa,MAMMALIA,NT,1,40.3,T2
Potorous tridactylus,MAMMALIA,NT,1,39.8,T1
Procapra picticaudata,MAMMALIA,NT,1,40.0,T2
Pseudantechinus mimulus,MAMMALIA,NT,1,40.3,T2
Pseudochirulus cinereus,MAMMALIA,NT,1,40.1,T2
Sminthopsis bindi,MAMMALIA,NT,1,40.6,T2
Sminthopsis douglasi,MAMMALIA,NT,1,40.1,T2
Taphozous australis,MAMMALIA,NT,1,40.3,T2
Tragelaphus imberbis,MAMMALIA,NT,1,40.4,T2
Urocyon littoralis,MAMMALIA,NT,1,6.6,T0
Uromys hadrourus,MAMMALIA,NT,1,10.5,T0
Wyulda squamicaudata,MAMMALIA,NT,1,40.5,T2
Antechinomys laniger,MAMMALIA,LC,0,40.2,T2
Antidorcas marsupialis,MAMMALIA,LC,0,3.6,T0
Arctocephalus australis,MAMMALIA,LC,0,3.6,T0
Arctocephalus forsteri,MAMMALIA,LC,0,3.6,T0
Arctocephalus philippii,MAMMALIA,LC,0,3.6,T0
Arctocephalus pusillus,MAMMALIA,LC,0,3.6,T0
Arctocephalus townsendi,MAMMALIA,LC,0,3.6,T0
Arctocephalus tropicalis,MAMMALIA,LC,0,10.5,T0
Balaena mysticetus,MAMMALIA,VU,2,60.0,T3
Boselaphus tragocamelus,MAMMALIA,LC,0,10.5,T0
Capra ibex,MAMMALIA,LC,0,10.5,T0
Capra sibirica,MAMMALIA,NT,1,40.1,T2
Capreolus capreolus,MAMMALIA,LC,0,3.6,T0
Castor fiber,MAMMALIA,LC,0,3.6,T0
Connochaetes gnou,MAMMALIA,LC,0,3.6,T0
Ctenomys peruanus,MAMMALIA,CR,4,90.5,T4
Equus kiang,MAMMALIA,LC,0,10.5,T0
Gazella bennettii,MAMMALIA,LC,0,40.2,T2
Gulo gulo,MAMMALIA,LC,0,17.3,T0
Halichoerus grypus,MAMMALIA,LC,0,3.6,T0
Herpailurus yagouaroundi,MAMMALIA,NT,1,40.3,T2
Hippotragus equinus,MAMMALIA,LC,0,40.1,T2
Histriophoca fasciata,MAMMALIA,LC,0,15.2,T0
Hydrurga leptonyx,MAMMALIA,LC,0,15.3,T0
Isoodon obesulus,MAMMALIA,LC,0,40.2,T2
Lama guanicoe,MAMMALIA,LC,0,3.6,T0
Leptonychotes weddellii,MAMMALIA,LC,0,15.1,T0
Lobodon carcinophaga,MAMMALIA,LC,0,15.2,T0
Lycalopex vetulus,MAMMALIA,NT,1,40.3,T2
Marmota olympus,MAMMALIA,LC,0,50.4,T2
Microtus tatricus,MAMMALIA,LC,0,10.5,T0
Mirounga angustirostris,MAMMALIA,LC,0,3.6,T0
Mustela eversmanii,MAMMALIA,EN,3,50.2,T2
Myzopoda schliemanni,MAMMALIA,LC,0,15.1,T0
Notoryctes caurinus,MAMMALIA,LC,0,10.5,T0
Notoryctes typhlops,MAMMALIA,LC,0,10.5,T0
Ommatophoca rossii,MAMMALIA,LC,0,15.3,T0
Oreamnos americanus,MAMMALIA,LC,0,10.5,T0
Otaria byronia,MAMMALIA,LC,0,10.5,T0
Ovis canadensis,MAMMALIA,LC,0,10.5,T0
Ovis dalli,MAMMALIA,LC,0,10.5,T0
Petrogale brachyotis,MAMMALIA,LC,0,15.3,T0
Phoca largha,MAMMALIA,LC,0,10.5,T0
Plecotus kolombatovici,MAMMALIA,LC,0,40.6,T2
Procapra gutturosa,MAMMALIA,LC,0,10.5,T0
Pronolagus rupestris,MAMMALIA,LC,0,15.3,T0
Pronolagus saundersiae,MAMMALIA,LC,0,15.4,T0
Pseudantechinus bilarni,MAMMALIA,NT,1,40.2,T2
Pseudochirops archeri,MAMMALIA,NT,1,39.9,T1
Pusa sibirica,MAMMALIA,LC,0,10.5,T0
Rupicapra pyrenaica,MAMMALIA,LC,0,3.6,T0
Rupicapra rupicapra,MAMMALIA,LC,0,15.2,T0
Sminthopsis dolichura,MAMMALIA,LC,0,10.5,T0
Sminthopsis leucopus,MAMMALIA,LC,0,10.5,T0
