scientific_name,db_class,gbif_kingdom,gbif_class,gbif_verdict
Abies ziyuanensis,(null),Plantae,Pinopsida,식물/균류(제외)
Accipiter brachyurus,(null),Animalia,Aves,재분류: db=None → 조류
Accipiter butleri,(null),Animalia,Aves,재분류: db=None → 조류
Accipiter gundlachi,(null),Animalia,Aves,재분류: db=None → 조류
Accipiter henstii,(null),Animalia,Aves,재분류: db=None → 조류
Accipiter luteoschistaceus,(null),Animalia,Aves,재분류: db=None → 조류
Accipiter princeps,(null),Animalia,Aves,재분류: db=None → 조류
Acer griseum,(null),Plantae,Magnoliopsida,식물/균류(제외)
Achyranthes mutica,(null),Plantae,Magnoliopsida,식물/균류(제외)
Adansonia perrieri,(null),Plantae,Magnoliopsida,식물/균류(제외)
Aloe bellatula,(null),Plantae,Liliopsida,식물/균류(제외)
Aloe cremnophila,(null),Plantae,Liliopsida,식물/균류(제외)
Aloe helenae,(null),Plantae,Liliopsida,식물/균류(제외)
Aloe suzannae,(null),Plantae,Liliopsida,식물/균류(제외)
Aloe ukambensis,(null),Plantae,Liliopsida,식물/균류(제외)
Amazona vinacea,(null),Animalia,Aves,재분류: db=None → 조류
Amentotaxus formosana,(null),Plantae,Pinopsida,식물/균류(제외)
Anas bernieri,(null),Animalia,Aves,재분류: db=None → 조류
Anthemis glaberrima,(null),Plantae,Magnoliopsida,식물/균류(제외)
Aratinga solstitialis,(null),Animalia,Aves,재분류: db=None → 조류
Ariocarpus scaphirostris,(null),Plantae,Magnoliopsida,식물/균류(제외)
Astrophytum asterias,(null),Plantae,Magnoliopsida,식물/균류(제외)
Auerodendron pauciflorum,(null),Plantae,Magnoliopsida,식물/균류(제외)
Beccariophoenix alfredii,(null),Plantae,Liliopsida,식물/균류(제외)
Byblis gigantea,(null),Plantae,Magnoliopsida,식물/균류(제외)
Conolophus pallidus,(null),Animalia,Squamata,재분류: db=None → 파충류
Copsychus sechellarum,(null),Animalia,Aves,재분류: db=None → 조류
Ctenosaura melanosterna,(null),Animalia,Squamata,재분류: db=None → 파충류
Ctenosaura oedirhina,(null),Animalia,Squamata,재분류: db=None → 파충류
Ctenosaura palearis,(null),Animalia,Squamata,재분류: db=None → 파충류
Cuon alpinus,(null),Animalia,Mammalia,재분류: db=None → 포유류
Cycas armstrongii,(null),Plantae,Cycadopsida,식물/균류(제외)
Cycas circinalis,(null),Plantae,Cycadopsida,식물/균류(제외)
Cynometra beddomei,(null),Plantae,Magnoliopsida,식물/균류(제외)
Diomedea amsterdamensis,(null),Animalia,Aves,재분류: db=None → 조류
Dioon purpusii,(null),Plantae,Cycadopsida,식물/균류(제외)
Echinocactus grusonii,(null),Plantae,Magnoliopsida,식물/균류(제외)
Echium gentianoides,(null),Plantae,Magnoliopsida,식물/균류(제외)
Echium pininana,(null),Plantae,Magnoliopsida,식물/균류(제외)
Elaeocarpus recurvatus,(null),Plantae,Magnoliopsida,식물/균류(제외)
Gallotia simonyi,(null),Animalia,Squamata,재분류: db=None → 파충류
Garrulax rufifrons,(null),Animalia,Aves,재분류: db=None → 조류
Geothlypis beldingi,(null),Animalia,Aves,재분류: db=None → 조류
Goetzea elegans,(null),Plantae,Magnoliopsida,식물/균류(제외)
Gomortega keule,(null),Plantae,Magnoliopsida,식물/균류(제외)
Haptanthus hazlettii,(null),Plantae,Magnoliopsida,식물/균류(제외)
Juniperus gracilior,(null),Plantae,Pinopsida,식물/균류(제외)
Lophophora diffusa,(null),Plantae,Magnoliopsida,식물/균류(제외)
Mammillaria albiflora,(null),Plantae,Magnoliopsida,식물/균류(제외)
Mammillaria anniana,(null),Plantae,Magnoliopsida,식물/균류(제외)
Mammillaria marcosii,(null),Plantae,Magnoliopsida,식물/균류(제외)
Mammillaria mathildae,(null),Plantae,Magnoliopsida,식물/균류(제외)
Mammillaria microhelia,(null),Plantae,Magnoliopsida,식물/균류(제외)
Mammillaria pennispinosa,(null),Plantae,Magnoliopsida,식물/균류(제외)
Mammillaria sanchez-mejoradae,(null),Plantae,Magnoliopsida,식물/균류(제외)
Mammillaria schwarzii,(null),Plantae,Magnoliopsida,식물/균류(제외)
Mammillaria theresae,(null),Plantae,Magnoliopsida,식물/균류(제외)
Melicope pallida,(null),Plantae,Magnoliopsida,식물/균류(제외)
Mellissia begoniifolia,(null),Plantae,Magnoliopsida,식물/균류(제외)
Melocactus lanssensianus,(null),Plantae,Magnoliopsida,식물/균류(제외)
Melocactus matanzanus,(null),Plantae,Magnoliopsida,식물/균류(제외)
Mexipedium xerophyticum,(null),Plantae,Liliopsida,식물/균류(제외)
Micranthocereus polyanthus,(null),Plantae,Magnoliopsida,식물/균류(제외)
Nepenthes adnata,(null),Plantae,Magnoliopsida,식물/균류(제외)
Nepenthes aristolochioides,(null),Plantae,Magnoliopsida,식물/균류(제외)
Nepenthes attenboroughii,(null),Plantae,Magnoliopsida,식물/균류(제외)
Nepenthes campanulata,(null),Plantae,Magnoliopsida,식물/균류(제외)
Nepenthes chaniana,(null),Plantae,Magnoliopsida,식물/균류(제외)
Obregonia denegrii,(null),Plantae,Magnoliopsida,식물/균류(제외)
Opuntia chaffeyi,(null),Plantae,Magnoliopsida,식물/균류(제외)
Opuntia pachyrrhiza,(null),Plantae,Magnoliopsida,식물/균류(제외)
Oreophasis derbianus,(null),Animalia,Aves,재분류: db=None → 조류
Ostrya rehderiana,(null),Plantae,Magnoliopsida,식물/균류(제외)
Oxyura leucocephala,(null),Animalia,Aves,재분류: db=None → 조류
Oxyura maccoa,(null),Animalia,Aves,재분류: db=None → 조류
Parasitaxus usta,(null),Plantae,Pinopsida,식물/균류(제외)
Pavo muticus,(null),Animalia,Aves,재분류: db=None → 조류
Penelopides mindorensis,(null),Animalia,Aves,재분류: db=None → 조류
Phalacrocorax featherstoni,(null),Animalia,Aves,재분류: db=None → 조류
Procellaria aequinoctialis,(null),Animalia,Aves,재분류: db=None → 조류
Procellaria conspicillata,(null),Animalia,Aves,재분류: db=None → 조류
Procellaria parkinsoni,(null),Animalia,Aves,재분류: db=None → 조류
Procellaria westlandica,(null),Animalia,Aves,재분류: db=None → 조류
Psittrichas fulgidus,(null),Animalia,Aves,재분류: db=None → 조류
Pterodroma cahow,(null),Animalia,Aves,재분류: db=None → 조류
Pterospermum reticulatum,(null),Plantae,Magnoliopsida,식물/균류(제외)
Puya raimondii,(null),Plantae,Liliopsida,식물/균류(제외)
Rhizanthella gardneri,(null),Plantae,Liliopsida,식물/균류(제외)
Rhyticeros everetti,(null),Animalia,Aves,재분류: db=None → 조류
Sauromalus hispidus,(null),Animalia,Squamata,재분류: db=None → 파충류
Scilla morrisii,(null),Plantae,Liliopsida,식물/균류(제외)
Spongiforma squarepantsii,(null),Fungi,Agaricomycetes,식물/균류(제외)
Sternula nereis,(null),Animalia,Aves,재분류: db=None → 조류
Synapsis ilicifolia,(null),Plantae,Magnoliopsida,식물/균류(제외)
Tahina spectabilis,(null),Plantae,Liliopsida,식물/균류(제외)
Taoniscus nanus,(null),Animalia,Aves,재분류: db=None → 조류
Taphrolesbia griseiventris,(null),Animalia,Aves,재분류: db=None → 조류
Telespiza cantans,(null),Animalia,Aves,재분류: db=None → 조류
Turbinicarpus alonsoi,(null),Plantae,Magnoliopsida,식물/균류(제외)
Turbinicarpus gielsdorfianus,(null),Plantae,Magnoliopsida,식물/균류(제외)
Turbinicarpus hoferi,(null),Plantae,Magnoliopsida,식물/균류(제외)
Turbinicarpus horripilus,(null),Plantae,Magnoliopsida,식물/균류(제외)
Turbinicarpus laui,(null),Plantae,Magnoliopsida,식물/균류(제외)
Turbinicarpus mandragora,(null),Plantae,Magnoliopsida,식물/균류(제외)
Turbinicarpus swobodae,(null),Plantae,Magnoliopsida,식물/균류(제외)
Tyto aurantia,(null),Animalia,Aves,재분류: db=None → 조류
Weberocereus frohningiorum,(null),Plantae,Magnoliopsida,식물/균류(제외)
Wikstroemia villosa,(null),Plantae,Magnoliopsida,식물/균류(제외)
Xanthocyparis vietnamensis,(null),Plantae,Pinopsida,식물/균류(제외)
Xenicus gilviventris,(null),Animalia,Aves,재분류: db=None → 조류
Dryococelus australis,곤충,Animalia,Insecta,동물(일치)
Hadramphus tuberculatus,곤충,Animalia,Insecta,동물(일치)
Actinella obserata,복족류,Animalia,Gastropoda,동물(일치)
Partula arguta,복족류,Animalia,Gastropoda,동물(일치)
Microcycas calocoma,식물 (소철),Plantae,Cycadopsida,식물/균류(제외)
Abies beshanzuensis,식물 (침엽수),Plantae,Pinopsida,식물/균류(제외)
Abies yuanbaoshanensis,식물 (침엽수),Plantae,Pinopsida,식물/균류(제외)
Wollemia nobilis,식물 (침엽수),Plantae,Pinopsida,식물/균류(제외)
Arthroleptides dutoiti,양서류,Animalia,Amphibia,동물(일치)
Atelopus oxyrhynchus,양서류,Animalia,Amphibia,동물(일치)
Craugastor tabasarae,양서류,Animalia,Amphibia,동물(일치)
Eleutherodactylus jasperi,양서류,Animalia,Amphibia,동물(일치)
Holoaden bradei,양서류,Animalia,Amphibia,동물(일치)
Litoria castanea,양서류,Animalia,Amphibia,동물(일치)
Litoria lorica,양서류,Animalia,Amphibia,동물(일치)
Plectrohyla pachyderma,양서류,Animalia,Amphibia,동물(일치)
Pristimantis xylochobates,양서류,Animalia,Amphibia,동물(일치)
Acipenser sturio,어류 (조기어류),Animalia,,재분류: db=어류 → ?
Radula visianica,이끼류 (우산이끼),Plantae,Jungermanniopsida,식물/균류(제외)
Ciconia boyciana,조류,Animalia,Aves,동물(일치)
Grus japonensis,조류,Animalia,Aves,동물(일치)
Nipponia nippon,조류,Animalia,Aves,동물(일치)
Aegotheles savesi,파충류,Animalia,Aves,재분류: db=파충류 → 조류
Alligator sinensis,파충류,Animalia,Crocodylia,동물(일치)
Anas laysanensis,파충류,Animalia,Aves,재분류: db=파충류 → 조류
Anthochaera phrygia,파충류,Animalia,Aves,재분류: db=파충류 → 조류
Antilophia bokermanni,파충류,Animalia,Aves,재분류: db=파충류 → 조류
Aphrastura masafuerae,파충류,Animalia,Aves,재분류: db=파충류 → 조류
Batagur kachuga,파충류,Animalia,Testudines,동물(일치)
Batagur trivittata,파충류,Animalia,Testudines,동물(일치)
Bostrychia bocagei,파충류,Animalia,Aves,재분류: db=파충류 → 조류
Calyptura cristata,파충류,Animalia,Aves,재분류: db=파충류 → 조류
Crocodylus intermedius,파충류,Animalia,Crocodylia,동물(일치)
Crocodylus mindorensis,파충류,Animalia,Crocodylia,동물(일치)
Crocodylus rhombifer,파충류,Animalia,Crocodylia,동물(일치)
Crocodylus siamensis,파충류,Animalia,Crocodylia,동물(일치)
Cuora yunnanensis,파충류,Animalia,Testudines,동물(일치)
Cyclura pinguis,파충류,Animalia,Squamata,동물(일치)
Cyornis banyumas,파충류,Animalia,Aves,재분류: db=파충류 → 조류
Didunculus strigirostris,파충류,Animalia,Aves,재분류: db=파충류 → 조류
Eutrichomyias rowleyi,파충류,Animalia,Aves,재분류: db=파충류 → 조류
Gopherus flavomarginatus,파충류,Animalia,Testudines,동물(일치)
Gymnogyps californianus,파충류,Animalia,Aves,재분류: db=파충류 → 조류
Gyps indicus,파충류,Animalia,Aves,재분류: db=파충류 → 조류
Heteromirafra archeri,파충류,Animalia,Aves,재분류: db=파충류 → 조류
Lepidochelys kempii,파충류,Animalia,Testudines,동물(일치)
Mecistops cataphractus,파충류,Animalia,Crocodylia,동물(일치)
Necrosyrtes monachus,파충류,Animalia,Aves,재분류: db=파충류 → 조류
Otus insularis,파충류,Animalia,Aves,재분류: db=파충류 → 조류
Phoboscincus bocourti,파충류,Animalia,Squamata,동물(일치)
Pipile pipile,파충류,Animalia,Aves,재분류: db=파충류 → 조류
Pithecophaga jefferyi,파충류,Animalia,Aves,재분류: db=파충류 → 조류
Pseudobulweria aterrima,파충류,Animalia,Aves,재분류: db=파충류 → 조류
Sarothrura ayresi,파충류,Animalia,Aves,재분류: db=파충류 → 조류
Spheniscus demersus,파충류,Animalia,Aves,재분류: db=파충류 → 조류
Terenura sicki,파충류,Animalia,Aves,재분류: db=파충류 → 조류
Vanellus gregarius,파충류,Animalia,Aves,재분류: db=파충류 → 조류
Acinonyx jubatus venaticus,포유류,Animalia,Mammalia,동물(일치)
Addax nasomaculatus,포유류,Animalia,Mammalia,동물(일치)
Ailuropoda melanoleuca,포유류,Animalia,Mammalia,동물(일치)
Axis kuhlii,포유류,Animalia,Mammalia,동물(일치)
Bos javanicus,포유류,Animalia,Mammalia,동물(일치)
Bunolagus monticularis,포유류,Animalia,Mammalia,동물(일치)
Canis lupus coreanus,포유류,Animalia,Mammalia,동물(일치)
Cervus nippon hortulorum,포유류,Animalia,Mammalia,동물(일치)
Dendrolagus pulcherrimus,포유류,Animalia,Mammalia,동물(일치)
Dendrolagus scottae,포유류,Animalia,Mammalia,동물(일치)
Diceros bicornis,포유류,Animalia,Mammalia,동물(일치)
Dipodomys gravipes,포유류,Animalia,Mammalia,동물(일치)
Dobsonia chapmani,포유류,Animalia,Mammalia,동물(일치)
Equus africanus,포유류,Animalia,Mammalia,동물(일치)
Eubalaena glacialis,포유류,Animalia,Mammalia,동물(일치)
Gorilla beringei,포유류,Animalia,Mammalia,동물(일치)
Gorilla beringei graueri,포유류,Animalia,Mammalia,동물(일치)
Gymnobelideus leadbeateri,포유류,Animalia,Mammalia,동물(일치)
Lepilemur septentrionalis,포유류,Animalia,Mammalia,동물(일치)
Lipotes vexillifer,포유류,Animalia,Mammalia,동물(일치)
Lutra lutra,포유류,Animalia,Mammalia,동물(일치)
Murina tenebrosa,포유류,Animalia,Mammalia,동물(일치)
Naemorhedus caudatus,포유류,Animalia,Mammalia,동물(일치)
Nomascus concolor,포유류,Animalia,Mammalia,동물(일치)
Panthera tigris,포유류,Animalia,Mammalia,동물(일치)
Panthera tigris amoyensis,포유류,Animalia,Mammalia,동물(일치)
Panthera tigris sumatrae,포유류,Animalia,Mammalia,동물(일치)
Phalanger matanim,포유류,Animalia,Mammalia,동물(일치)
Pharotis imogene,포유류,Animalia,Mammalia,동물(일치)
Plecotus teneriffae,포유류,Animalia,Mammalia,동물(일치)
Potorous gilbertii,포유류,Animalia,Mammalia,동물(일치)
Pseudoryx nghetinhensis,포유류,Animalia,Mammalia,동물(일치)
Pteropus aruensis,포유류,Animalia,Mammalia,동물(일치)
Rhinopithecus brelichi,포유류,Animalia,Mammalia,동물(일치)
Santamartamys rufodorsalis,포유류,Animalia,Mammalia,동물(일치)
Tylomys bullaris,포유류,Animalia,Mammalia,동물(일치)
Uromys imperator,포유류,Animalia,Mammalia,동물(일치)
Uromys porculus,포유류,Animalia,Mammalia,동물(일치)
Ursus maritimus,포유류,Animalia,Mammalia,동물(일치)
Ursus thibetanus ussuricus,포유류,Animalia,Mammalia,동물(일치)
